{"cameraMode":{"drawMode":0,"name":"Shaded","section":"Shading Mode"},"sceneLighting":true,"audioPlay":false,"sceneViewState":{"showFog":true,"showMaterialUpdate":false,"showSkybox":false,"showFlares":true,"showImageEffects":true,"showParticleSystems":true},"in2DMode":false,"pivot":{"x":16.80000114440918,"y":0.0,"z":35.400001525878909},"rotation":{"x":-0.14974170923233033,"y":-0.006824879441410303,"z":0.0010339681757614017,"w":-0.9887046217918396},"size":41.862274169921878,"orthographic":false}