{"cameraMode":{"drawMode":0,"name":"Shaded","section":"Shading Mode"},"sceneLighting":false,"audioPlay":false,"sceneViewState":{"showFog":true,"showMaterialUpdate":false,"showSkybox":false,"showFlares":true,"showImageEffects":true,"showParticleSystems":true},"in2DMode":false,"pivot":{"x":17.892913818359376,"y":1.8397220373153687,"z":23.579999923706056},"rotation":{"x":0.24394692480564118,"y":-0.6631823182106018,"z":0.24350695312023164,"w":0.6643741130828857},"size":5.243015766143799,"orthographic":true}