{"cameraMode":{"drawMode":0,"name":"Shaded","section":"Shading Mode"},"sceneLighting":false,"audioPlay":false,"sceneViewState":{"showFog":true,"showMaterialUpdate":false,"showSkybox":false,"showFlares":true,"showImageEffects":true,"showParticleSystems":true},"in2DMode":false,"pivot":{"x":23.610000610351564,"y":1.5,"z":37.810001373291019},"rotation":{"x":0.6422967314720154,"y":-0.0034490516409277918,"z":0.002890360541641712,"w":0.7664428949356079},"size":3.3000175952911379,"orthographic":false}