{"cameraMode":{"drawMode":0,"name":"Shaded","section":"Shading Mode"},"sceneLighting":true,"audioPlay":false,"sceneViewState":{"showFog":true,"showMaterialUpdate":false,"showSkybox":false,"showFlares":true,"showImageEffects":true,"showParticleSystems":true},"in2DMode":false,"pivot":{"x":15.700000762939454,"y":-8.220001220703125,"z":-15.600001335144043},"rotation":{"x":0.30726027488708498,"y":-0.6330086588859558,"z":0.30250298976898196,"w":0.6429562568664551},"size":62.457054138183597,"orthographic":false}