{"cameraMode":{"drawMode":0,"name":"Shaded","section":"Shading Mode"},"sceneLighting":false,"audioPlay":false,"sceneViewState":{"showFog":true,"showMaterialUpdate":false,"showSkybox":false,"showFlares":true,"showImageEffects":true,"showParticleSystems":true},"in2DMode":false,"pivot":{"x":9.578600883483887,"y":1.4251093864440919,"z":32.400001525878909},"rotation":{"x":-0.4052989184856415,"y":0.004659924656152725,"z":-0.0020655791740864517,"w":-0.9141729474067688},"size":2.234715700149536,"orthographic":false}