{"cameraMode":{"drawMode":0,"name":"Shaded","section":"Shading Mode"},"sceneLighting":false,"audioPlay":false,"sceneViewState":{"showFog":true,"showMaterialUpdate":false,"showSkybox":false,"showFlares":true,"showImageEffects":true,"showParticleSystems":true},"in2DMode":false,"pivot":{"x":16.172016143798829,"y":1.788658857345581,"z":35.70428466796875},"rotation":{"x":0.6844788789749146,"y":0.003280608681961894,"z":-0.0030801838729530575,"w":0.7290189862251282},"size":4.778534889221191,"orthographic":false}