{"cameraMode":{"drawMode":0,"name":"Shaded","section":"Shading Mode"},"sceneLighting":false,"audioPlay":false,"sceneViewState":{"showFog":true,"showMaterialUpdate":false,"showSkybox":false,"showFlares":true,"showImageEffects":true,"showParticleSystems":true},"in2DMode":false,"pivot":{"x":-0.9339756369590759,"y":2.0042171478271486,"z":-0.35559290647506716},"rotation":{"x":0.24023371934890748,"y":0.6466246247291565,"z":-0.22582879662513734,"w":0.6878713965415955},"size":2.4822070598602297,"orthographic":false}