{"cameraMode":{"drawMode":0,"name":"Shaded","section":"Shading Mode"},"sceneLighting":false,"audioPlay":false,"sceneViewState":{"showFog":true,"showMaterialUpdate":false,"showSkybox":false,"showFlares":true,"showImageEffects":true,"showParticleSystems":true},"in2DMode":false,"pivot":{"x":23.570890426635743,"y":1.1612073183059693,"z":37.930259704589847},"rotation":{"x":0.38433539867401125,"y":0.0069238184951245789,"z":-0.002882575150579214,"w":0.923163115978241},"size":0.7133251428604126,"orthographic":false}