{"cameraMode":{"drawMode":0,"name":"Shaded","section":"Shading Mode"},"sceneLighting":false,"audioPlay":false,"sceneViewState":{"showFog":true,"showMaterialUpdate":false,"showSkybox":false,"showFlares":true,"showImageEffects":true,"showParticleSystems":true},"in2DMode":false,"pivot":{"x":9.603736877441407,"y":2.178800582885742,"z":31.807044982910158},"rotation":{"x":0.1929088979959488,"y":-0.05178527534008026,"z":0.010195725597441197,"w":0.9797972440719605},"size":1.7987005710601807,"orthographic":false}